{"mean":[97.50381944689887,79.52969978068279,36.75001342379642],"scale":[1.4440669331577192,11.55790120167772,0.511260448719588]}